id,tipo,tipo_secundario,veracidade,pede_compartilhamento,urgencia,apelo_emocional,ataque,anotador,observacao
fakebr-fake-187,fabricado,,enganoso,0,0,1,1,Angela,
fakebr-fake-96,fabricado,,enganoso,0,0,1,1,Angela,
fakebr-fake-3529,enganoso,,enganoso,0,1,1,0,Angela,
fakebr-fake-3500,enganoso,,enganoso,0,1,1,1,Angela,
fakebr-fake-2861,fabricado,,falso,0,1,1,1,Angela,
fakebr-fake-3046,enganoso,,enganoso,0,1,1,1,Angela,
fakebr-fake-3275,enganoso,,falso,0,1,1,1,Angela,
fakebr-fake-2149,enganoso,,enganoso,0,1,1,0,Angela,
fakebr-fake-2070,enganoso,,falso,0,0,1,1,Angela,
fakebr-fake-2363,enganoso,,falso,0,1,0,1,Angela,
fakebr-fake-2075,enganoso,,falso,0,0,1,0,Angela,
fakebr-fake-2125,enganoso,,falso,0,0,1,1,Angela,
fakebr-fake-2287,enganoso,,falso,0,1,0,1,Angela,
fakebr-fake-2628,opiniao,,,0,0,0,0,Angela,
fakebr-fake-2234,enganoso,,falso,0,0,0,0,Angela,
fakebr-fake-2185,enganoso,,falso,0,0,1,0,Angela,
fakebr-fake-3268,enganoso,,enganoso,0,1,1,0,Angela,
fakebr-fake-2856,fabricado,,falso,0,0,1,0,Angela,
fakebr-fake-2543,fabricado,,falso,0,0,1,1,Angela,
fakebr-fake-706,fabricado,,falso,0,0,1,0,Angela,
fakebr-fake-1395,enganoso,,enganoso,0,0,1,0,Angela,
fakebr-fake-1035,fabricado,,falso,0,0,0,1,Angela,
fakebr-fake-1210,enganoso,,falso,0,1,1,0,Angela,
fakebr-fake-832,fabricado,,falso,0,1,1,0,Angela,
fakebr-fake-1042,fabricado,,falso,0,0,0,0,Angela,
fakebr-fake-1631,nenhum,,verdadeiro,0,0,0,0,Angela,
fakebr-fake-566,nenhum,,verdadeiro,0,1,1,0,Angela,
fakebr-fake-1304,enganoso,,falso,0,0,0,,Angela,
fakebr-fake-643,opiniao,,,0,0,0,0,Angela,
fakebr-fake-844,opiniao,,,0,1,1,1,Angela,
fakebr-fake-867,enganoso,,enganoso,0,0,1,0,Angela,
fakebr-fake-1461,enganoso,,falso,0,1,1,1,Angela,
fakebr-fake-399,fabricado,,enganoso,0,0,1,1,Angela,
fakebr-fake-285,fabricado,,falso,0,0,0,0,Angela,
fakebr-true-3561,fabricado,,enganoso,0,0,0,1,Angela,
fakebr-true-1896,nenhum,,verdadeiro,0,1,1,0,Angela,
fakebr-true-1265,nenhum,,verdadeiro,0,1,1,0,Angela,
fakebr-true-757,nenhum,,verdadeiro,1,0,0,0,Angela,
fakebr-true-1153,nenhum,,verdadeiro,0,0,1,0,Angela,
fakebr-true-247,nenhum,,verdadeiro,0,0,1,0,Angela,
fakebr-true-867,opiniao,,,0,0,1,0,Angela,
fakebr-true-2338,nenhum,,verdadeiro,0,0,1,0,Angela,
fakebr-true-2684,nenhum,,verdadeiro,1,0,1,1,Angela,
fakebr-true-1471,nenhum,,verdadeiro,1,0,1,0,Angela,
fakebr-true-1418,nenhum,,verdadeiro,0,0,0,0,Angela,
fakebr-true-1625,nenhum,,verdadeiro,0,0,0,0,Angela,
fakebr-true-1601,nenhum,,verdadeiro,0,0,0,0,Angela,
fakebr-true-2379,nenhum,,verdadeiro,0,0,1,0,Angela,
fakebr-true-990,nenhum,,verdadeiro,0,0,1,0,Angela,
fakebr-true-1139,nenhum,,verdadeiro,0,0,1,1,Angela,
fakebr-true-510,nenhum,,verdadeiro,0,0,1,0,Angela,
fakebr-true-1414,nenhum,,verdadeiro,0,0,1,0,Angela,
fakebr-true-397,nenhum,,verdadeiro,0,1,0,0,Angela,
fakebr-true-3504,nenhum,,verdadeiro,1,0,1,0,Angela,
fakebr-true-1670,nenhum,,verdadeiro,0,1,1,0,Angela,
fakebr-true-985,nenhum,,verdadeiro,0,0,0,0,Angela,
fakebr-true-2861,nenhum,,verdadeiro,0,0,1,0,Angela,
fakebr-true-2978,nenhum,,verdadeiro,1,0,1,0,Angela,
fakebr-true-2482,nenhum,,verdadeiro,0,0,1,0,Angela,
fakebr-true-979,opiniao,,,1,1,1,1,Angela,
fakebr-true-1884,nenhum,,verdadeiro,0,1,1,0,Angela,
fakebr-true-332,nenhum,,verdadeiro,0,1,0,0,Angela,
fakebr-true-3142,nenhum,,verdadeiro,0,0,1,0,Angela,
fakebr-fake-198,nenhum,,verdadeiro,0,0,1,1,Angela,
fakenewsbr-1622,fora_escopo,,falso,0,0,1,1,Angela,
fakenewsbr-1308,opiniao,,,1,1,1,1,Angela,
fakenewsbr-361,nenhum,,verdadeiro,0,0,1,1,Angela,
fakenewsbr-450,enganoso,,enganoso,0,0,1,1,Angela,
fakenewsbr-1478,enganoso,,verdadeiro,0,0,1,0,Angela,
fakenewsbr-579,nenhum,,verdadeiro,0,0,1,0,Angela,
fakenewsbr-253,fabricado,,falso,0,1,1,1,Angela,
fakenewsbr-979,fora_escopo,,enganoso,0,0,0,0,Angela,
fakenewsbr-660,nenhum,,verdadeiro,0,0,1,0,Angela,
fakenewsbr-1856,nenhum,,verdadeiro,0,0,1,0,Angela,
fakenewsbr-1627,fabricado,,falso,0,1,1,0,Angela,
fakenewsbr-1364,enganoso,,falso,0,0,0,0,Angela,
fakenewsbr-314,nenhum,,verdadeiro,0,0,0,0,Angela,
fakenewsbr-603,nenhum,,verdadeiro,0,1,0,0,Angela,
fakenewsbr-1155,fora_escopo,,enganoso,0,0,0,0,Angela,
fakenewsbr-1754,fabricado,,falso,0,0,1,0,Angela,
fakenewsbr-1427,nenhum,,verdadeiro,0,0,0,0,Angela,
fakenewsbr-626,nenhum,,verdadeiro,0,0,1,0,Angela,
fakenewsbr-1488,nenhum,,verdadeiro,0,0,0,0,Angela,
fakenewsbr-1939,fabricado,,enganoso,0,1,1,1,Angela,
fakenewsbr-1115,nenhum,,verdadeiro,0,0,1,0,Angela,
fakenewsbr-13340,nenhum,,verdadeiro,0,0,0,0,Angela,
fakenewsbr-14877,nenhum,,falso,0,0,0,0,Angela,
fakenewsbr-15851,fabricado,,enganoso,0,0,0,0,Angela,
fakenewsbr-15303,fabricado,,falso,0,1,1,1,Angela,
fakenewsbr-14899,fabricado,,falso,0,1,1,1,Angela,
fakenewsbr-11867,fabricado,,falso,0,0,1,0,Angela,
fakenewsbr-10965,fabricado,,falso,0,1,1,1,Angela,
fakenewsbr-10825,fabricado,,falso,0,0,1,1,Angela,
fakenewsbr-12679,fabricado,,falso,1,1,1,1,Angela,
fakenewsbr-14693,nenhum,,verdadeiro,0,0,0,0,Angela,
fakenewsbr-11022,fora_escopo,,enganoso,0,1,1,1,Angela,
fakenewsbr-16105,fora_escopo,,falso,0,0,1,0,Angela,
fakenewsbr-10860,fora_escopo,,falso,0,0,0,0,Angela,
fakenewsbr-11864,fabricado,,falso,1,1,1,1,Angela,
fakenewsbr-11340,fora_escopo,,falso,0,0,0,0,Angela,
fakenewsbr-15189,enganoso,,enganoso,0,1,1,1,Angela,
fakenewsbr-11333,nenhum,,verdadeiro,1,1,1,1,Angela,
fakenewsbr-13026,fora_escopo,,falso,0,1,1,1,Angela,
fakenewsbr-11627,fabricado,,falso,1,0,0,0,Angela,
fakenewsbr-13479,fora_escopo,,enganoso,0,0,0,0,Angela,
fakenewsbr-13928,enganoso,,verdadeiro,0,0,1,0,Angela,
fakenewsbr-11317,enganoso,,verdadeiro,0,1,1,0,Angela,
fakenewsbr-12083,enganoso,,enganoso,0,1,1,1,Angela,
fakenewsbr-14219,enganoso,,falso,0,0,1,0,Angela,
fakenewsbr-15003,opiniao,,,0,1,1,0,Angela,
fakenewsbr-13260,fabricado,,falso,0,1,1,1,Angela,
fakenewsbr-13797,fora_escopo,,enganoso,0,0,0,0,Angela,
fakenewsbr-11277,fabricado,,falso,0,0,1,1,Angela,
fakenewsbr-12792,nenhum,,verdadeiro,0,0,1,0,Angela,
fakenewsbr-15132,nenhum,,verdadeiro,0,1,1,0,Angela,
fakenewsbr-12139,enganoso,,falso,0,1,1,0,Angela,
fakenewsbr-11922,fabricado,,falso,0,0,0,0,Angela,
fakenewsbr-10859,nenhum,,verdadeiro,1,1,1,1,Angela,
fakenewsbr-15211,fora_escopo,,enganoso,0,0,0,0,Angela,
fakenewsbr-12919,nenhum,,verdadeiro,0,1,1,0,Angela,
fakenewsbr-17079,fabricado,,enganoso,0,1,1,1,Angela,
fakenewsbr-11780,fabricado,,falso,1,1,1,1,Angela,
fakenewsbr-13053,opiniao,,,0,0,0,0,Angela,
fakenewsbr-12184,fabricado,,enganoso,0,0,1,1,Angela,
fakenewsbr-16267,enganoso,,falso,0,0,1,0,Angela,
fakenewsbr-15305,enganoso,,falso,0,0,1,0,Angela,
fakenewsbr-16472,opiniao,,,0,0,1,0,Angela,
fakenewsbr-14567,enganoso,,verdadeiro,0,0,0,0,Angela,
fakenewsbr-15159,fabricado,,falso,1,1,1,0,Angela,
fakenewsbr-11274,fabricado,,verdadeiro,0,1,1,0,Angela,
fakenewsbr-14985,fabricado,,verdadeiro,0,1,1,0,Angela,
fakenewsbr-15484,fabricado,,falso,1,0,1,0,Angela,
fakenewsbr-14992,fabricado,,falso,0,0,1,0,Angela,
fakenewsbr-11040,fabricado,,enganoso,0,0,0,0,Angela,
fakenewsbr-12442,fabricado,,falso,0,0,0,0,Angela,
fakenewsbr-12866,fabricado,,falso,0,1,1,0,Angela,
fakenewsbr-14103,fabricado,,falso,0,0,1,1,Angela,
fakenewsbr-14171,nenhum,,verdadeiro,0,0,0,0,Angela,
fakenewsbr-16929,fora_escopo,,verdadeiro,0,0,0,0,Angela,
fakenewsbr-11911,fora_escopo,,enganoso,0,0,1,0,Angela,
fakenewsbr-12460,nenhum,,verdadeiro,0,1,1,0,Angela,
fakenewsbr-13792,nenhum,,verdadeiro,0,0,0,0,Angela,
fakenewsbr-12868,fabricado,,enganoso,0,0,0,0,Angela,
fakenewsbr-13758,fabricado,,enganoso,0,1,0,0,Angela,
fakenewsbr-568604406705727972,enganoso,,enganoso,0,0,0,0,Angela,
fakenewsbr-942050770966242892,fabricado,,falso,0,0,0,0,Angela,
fakenewsbr-71527464474024138,fabricado,,falso,0,0,0,0,Angela,
fakenewsbr-760534437976697114,nenhum,,verdadeiro,0,0,0,0,Angela,
fakenewsbr-935331605821300784,fabricado,,falso,0,0,0,0,Angela,
fakenewsbr-147286384453705551,fabricado,,falso,0,0,0,0,Angela,
fakenewsbr-851740982608126092,nenhum,,verdadeiro,0,0,0,0,Angela,
fakenewsbr-77354443371080395,nenhum,,verdadeiro,0,0,0,0,Angela,
fakenewsbr-1089190433092756797,falso_contexto,,enganoso,0,0,0,0,Angela,
fakenewsbr-1069229595294500502,falso_contexto,,enganoso,0,0,0,0,Angela,
fakenewsbr-102434202752290824,falso_contexto,,enganoso,0,0,0,0,Angela,
fakenewsbr-340970077930862822,enganoso,,enganoso,0,0,0,0,Angela,
fakenewsbr-593427418801144159,falso_contexto,,enganoso,0,0,0,0,Angela,
fakenewsbr-209383056143487629,enganoso,,enganoso,0,0,0,0,Angela,
fakenewsbr-199961992704531899,enganoso,,enganoso,0,0,0,0,Angela,
fakenewsbr-199486700071211288,fabricado,,falso,0,0,0,0,Angela,
fakenewsbr-1044021780285840707,enganoso,,enganoso,0,0,0,0,Angela,
fakenewsbr-995768679800690659,fabricado,,falso,0,0,0,0,Angela,
fakenewsbr-719333777818660593,enganoso,,enganoso,0,0,0,0,Angela,
faketrue-fake-260,,,verdadeiro,0,0,0,0,Angela,
faketrue-fake-907,fabricado,,enganoso,0,0,0,0,Angela,
faketrue-fake-453,fabricado,,falso,0,0,0,0,Angela,
faketrue-fake-345,fabricado,,falso,0,0,0,0,Angela,
faketrue-fake-49,fabricado,,falso,0,0,0,1,Angela,
faketrue-fake-582,fabricado,,falso,0,0,0,0,Angela,
faketrue-fake-624,fabricado,,falso,0,1,0,0,Angela,
faketrue-fake-1106,fabricado,,falso,0,0,0,0,Angela,
faketrue-fake-424,fabricado,,falso,1,1,0,0,Angela,
faketrue-fake-603,fabricado,,falso,0,1,0,1,Angela,
faketrue-fake-1029,fabricado,,falso,1,1,0,1,Angela,
faketrue-fake-676,fabricado,,falso,0,0,0,1,Angela,
faketrue-fake-1569,fabricado,,falso,0,0,1,0,Angela,
faketrue-true-1240,fabricado,,falso,0,1,1,0,Angela,
faketrue-true-479,nenhum,,verdadeiro,0,1,0,0,Angela,
faketrue-true-343,fabricado,,verdadeiro,1,0,0,0,Angela,
faketrue-true-1123,enganoso,,enganoso,1,0,0,0,Angela,
faketrue-true-1498,enganoso,,enganoso,0,0,0,0,Angela,
faketrue-true-1168,fabricado,,falso,0,1,1,1,Angela,
faketrue-true-152,fabricado,,falso,0,1,1,0,Angela,
faketrue-true-633,nenhum,,verdadeiro,0,0,0,1,Angela,
faketrue-true-1209,nenhum,,verdadeiro,0,0,0,0,Angela,
faketrue-true-564,nenhum,,verdadeiro,1,0,0,0,Angela,
