id,texto_curto,veredito_original,tipo,tipo_secundario,veracidade,pede_compartilhamento,urgencia,apelo_emocional,ataque,anotador,observacao
fakebr-fake-187,"Evangélico invade Igreja Católica e destrói imagem de Maria. Um homem, declaradamente evangélico, invadiu a igreja da Comunidade Sagrado Coração de Maria, na Serra, município da região metropolitana de Vitória no Espírito Santo, e quebrou as imagens de Nossa Senhora e São José. O ato de fúria aconte",,,,falso,0,0,0,0,pre_anotacao_llm,
fakebr-fake-96,"Gilmar Mendes caiu na Lava Jato. Depois de interceptar ligações telefônicas suspeitas envolvendo o Ministro do STF Gilmar Mendes, a Polícia Federal colocou na mira das investigações o mais tucano representante do Judiciário brasileiro. 

A varredura a um dos endereços de Aécio Neves em Minas não mir",,,,falso,0,0,0,0,pre_anotacao_llm,
fakebr-fake-3529,"População de Valadares/MG sofre com a falta de água. Prefeita petista diz que Dilma não tem culpa.  Todo o abastecimento da cidade depende do rio Doce,  cujas águas,  há mais de uma semana,  deram lugar a uma lama espessa,  com consistência que varia do leitoso ao argiloso..  A mineradora controlada",,,,falso,0,0,0,0,pre_anotacao_llm,
fakebr-fake-3500,"Após a derrubada do avião russo,  os pilotos foram capturados e assassinados.  O mundo mais próximo de uma guerra com a derrubada de um avião Russo..  fontes: (Antonio Martins,  Outras Palavras / pragmatismo político ) O fantasma de uma guerra global voltou a se manifestar esta manhã,  quando dois a",,,,falso,0,0,1,0,pre_anotacao_llm,
fakebr-fake-2861,"Janot confirma: ""Lula é o chefe da organização criminosa que tomou de assalto os cofres públicos"".  Lula da Silva é o chefe da ""organização criminosa"" que tomou de assalto a administração federal para a perpetuação do PT no poder.  O PGR [Rodrigo Janot] garante que Luiz Inácio é o chefão que ""mantém",,,,falso,0,0,1,0,pre_anotacao_llm,
fakebr-fake-3046,"Justiça suspende ""novamente"" a posse de Lula: ""O nomeado é investigado por organização criminosa"".  O juiz afirma na decisão,  que Lula e a presidente Dilma tentaram interferir na investigação da Operação Lava Jato ao nomear Lula ministro..  sexta-feira (18/03) 17h Essa é a terceira liminar suspende",,,,falso,0,0,0,0,pre_anotacao_llm,
fakebr-fake-3275,"O Antagonista: ""Compra de jatos e submarinos seria a aposentadoria de Lula"".  O polêmico site O Antagonista apareceu mais uma vez na vanguarda das informações.  Dessa vez a denúncia contra Lula vem da compra de submarinos e jatos autorizadas pelo ex-presidente. O site revela um documento vazado pelo",,,,falso,0,0,0,1,pre_anotacao_llm,
fakebr-fake-2149,"5 tweets que mostram que a principal defensora de Dilma no senado não é tão ""fiel"" como você pensa.  Após o depoimento de Dilma no senado,  a senadora Kátia Abreu foi a primeira a discursar.  Kátia ficou revoltada com o impeachment da ex-presidenta e defendeu Dilma com unhas e dentes. Há alguns anos",,,,falso,0,0,0,0,pre_anotacao_llm,
fakebr-fake-2070,"Instituto FHC recebeu quase R$ 12 milhões através da Lei Rouanet durante os mandatos de Lula e Dilma.  Durante os mandatos de Lula e Dilma (entre 2005 e 2011) ,  o Instituto FHC arrecadou 11, 967 milhões de reais com a Lei Rouanet.  25 deputados do partido do ex-presidente Fernando Henrique (o PSDB)",,,,falso,0,0,1,0,pre_anotacao_llm,
fakebr-fake-2363,"Rio  Traficantes fizeram ""nado sincronizado com fuzil"" em piscina da Vila Olímpica.  Em um chamado Honório Gurgel (Rio de Janeiro),  foi construído uma Vila Olímpica chamada Félix Mielli Venerando.  A Vila foi inaugurada em 2012 com o objetivo de formar talentos para os Jogos de 2016,  que estão ac",,,,falso,0,1,0,1,pre_anotacao_llm,
fakebr-fake-2075,"Russomano se defende sobre suposta confusão em aeroporto: "" Fui constrangido. Está tudo registrado nas câmeras"".  O deputado Celso Russomano se pronunciou em relação à matéria publicada no site Diário do Poder e reproduzida pelo Diário do Brasil.  A assessoria do parlamentar enviou uma nota para a n",,,,falso,0,0,1,0,pre_anotacao_llm,
fakebr-fake-2125,"Faustão detona governo Michel Temer: ""Essa por#$ de governo mal começou e não entende nada"".  Essa por#$ de governo mal começou e não sabe se comunicar.  O apresentador Fausto Silva deu sua opinião sobre a reforma do ensino médio,  que está sendo planejada pelo governo Michel Temer: ""O país que mais",,,,falso,0,0,0,0,pre_anotacao_llm,
fakebr-fake-2287,"Cadê o exército? Em discurso,  Presidente da CUT ameaça invadir Brasília na próxima segunda-feira.  O atual presidente da CUT,  Vagner Freitas,  convocou ""supostos"" trabalhadores para invadir Brasília,  na próxima segunda-feira (29).  Em um ato que contou com a presença de Lula,  Vagner declarou: ""V",,,,falso,0,0,0,1,pre_anotacao_llm,
fakebr-fake-2628,"""A batata de Aécio está assando"". Senador é citado em esquema de propina da Petrobras. .  Pedro Corrêa [O ex-deputado do PP] disse em sua delação premiada que Aécio Neves [na época deputado] foi um dos responsáveis pela indicação do diretor de Serviços da Petrobrás,  Irani Varella,  durante o govern",,,,falso,0,0,0,0,pre_anotacao_llm,
fakebr-fake-2234,"Eduardo Cunha ministro de Michel Temer?.  Parece que o novo governo já coleciona inimigos políticos.  Corre nos corredores de Brasília a notícia de que Eduardo Cunha poderá ser até nomeado como ministro no governo de Michel Temer. De acordo com relatos,  o novo presidente empossado tem uma ""dívida"" ",,,,falso,0,0,0,0,pre_anotacao_llm,
fakebr-fake-2185,Dinheiro desviado dos velhinhos aposentados serviu para comprar vídeo game para filho de senadora petista.  O dinheiro que foi desviado dos aposentados *** foi usado para comprar um brinquedinho para o filho de Gleisi Hoffmann e Paulo Bernardo.  A informação da Revista IstoÉ mostra que a empresa Con,,,,falso,0,0,0,0,pre_anotacao_llm,
fakebr-fake-3268,"EUROPOL faz alerta mundial: ""Estado Islâmico pode estar planejando ataque em massa na Europa"". .  No último domingo,  o EI publicou no domingo um vídeo,  no qual afirma apresentar os nove autores dos atentados que deixaram 130 mortos em Paris em 13 de novembro do ano passado. Na gravação,  o EI amea",,,,falso,0,0,1,0,pre_anotacao_llm,
fakebr-fake-2856,"Assassina que matou a própria mãe recebe indulto para ""comemorar"" dia das mães.  Suzane von Richthofen,  condenada a 39 anos de prisão por matar o pai e a mãe,  recebeu indulto para comemorar o dia das mães em liberdade.  A condenada obteve o benefício da saída temporária e deixou a ala de regime se",,,,falso,0,0,0,0,pre_anotacao_llm,
fakebr-fake-2543,"O FIM? Cunha não é mais o mesmo e alterna momentos de raiva,  depressão e choro.  De acordo com matéria publicada no Estado ,  o ex-deputado Eduardo Cunha já jogou a toalha e vive cercado por um bando de advogados.  Cunha anda abatido,  desanimado e demonstra claramente o desespero com relação aos p",,,,falso,0,0,0,0,pre_anotacao_llm,
fakebr-fake-706,"CÚRCUMA  Médica americana divulga receita natural que combate e elimina o câncer.  ""Eu estava pesquisando a literatura sobre prevenção e tratamento do câncer e encontrei uma estatística que me pareceu realmente interessante"" disse a médica norte-americana Carolyn Anderson.  Os índios do leste são m",,,,falso,0,0,1,0,pre_anotacao_llm,
fakebr-fake-1395,"Tiririca se irrita na Câmara e detona repórter: ""Vai falar com os que estão fazendo mer#%, pra mim não"".  Francisco Everardo Oliveira Silva, deputado do PR, bateu boca na lanchonete da Câmara.  Tiririca ficou nervoso na noite de hoje (05) quando foi abordado um homem (que teria se identificado como ",,,,falso,0,0,0,0,pre_anotacao_llm,
fakebr-fake-1035,"Janot nocauteia Mendes: ""Caduquice moral, devaneios e diarreia verbal"" (vídeo). .  Na última semana, Mendes disse (em uma entrevista) que os procuradores do MP chamaram a imprensa ""extraoficialmente"" para ""vazar"" alguns nomes de figuras importantes envolvidas nas delações da Lava-Jato. Janot não gos",,,,falso,0,0,0,1,pre_anotacao_llm,
fakebr-fake-1210,"Faturamento da JBS saltou de R$ 4 bi para R$ 170 bi durante governos Lula e Dilma.  Que valores iremos passar para nossos filhos e netos? Que o crime compensa no Brasil?.  Joesley Batista, presidente do grupo J&F (JBS-Friboi) está sendo investigado por (possivelmente) ter preparado sua fuga do país ",,,,falso,0,0,1,0,pre_anotacao_llm,
fakebr-fake-832,"Sílvio Santos (o mito) fala sobre o fim da vida: ""Acho que terei que morrer logo"". .  O mito das comunicações, apresentador Silvio Santos, visitou uma cigana americana de sua extrema confiança e recebeu uma notícia que entristece nossos corações. O apresentador disse: ""A moça que faz previsões para ",,,,falso,0,0,0,0,pre_anotacao_llm,
fakebr-fake-1042,"Após aperto de mãos, Trump questionou: ""Quem é esse senhor esquisito?"". .  O registro aconteceu durante a reunião da cúpula do G20, em Hamburgo, na Alemanha. A verdade é que, após um rápido aperto de mãos e meia dúzia de palavras trocadas, Trump se virou para um de seus assessores e questionou: ""Que",,,,falso,0,0,0,0,pre_anotacao_llm,
fakebr-fake-1631,"Internautas flagram Eike Batista nos EUA embarcando rumo ao Brasil. Ele estava ""tranquilo e favorável"".  O empresário chegou ao aeroporto JKF (NY) pouco depois das 21:30 (horário de Brasília).  Sozinho, tranquilo e carregando apenas uma maleta, Eike passou pela checagem de passaporte e seguiu em dir",,,,falso,0,0,0,0,pre_anotacao_llm,
fakebr-fake-566,"Bilionário gasta US$ 10 milhões em anúncios na TV para pedir impeachment de Donald Trump.  Tom Steyer, um bilionário americano e ambientalista, pediu o impeachment do presidente alegando instabilidade mental..  Dirigindo-se ao público em um anúncio veiculado na tv, ele disse: ""Donald Trump nos levou",,,,falso,0,0,0,0,pre_anotacao_llm,
fakebr-fake-1304,"Um dia histórico! CCJ aprova o fim do foro privilegiado.  A CCJ aprovou hoje (26) o projeto que acaba com o foro privilegiado para políticos e autoridades.  O relator do projeto, Randolfe Rodrigues, disse: ""O foro especial é visto pela população como verdadeiro privilégio odioso, utilizado apenas pa",,,,falso,0,0,0,0,pre_anotacao_llm,
fakebr-fake-643,"Japão e EUA divulgam relatório sobre a Coreia: ""Vamos tropeçar numa guerra nuclear"". .  Funcionários da inteligência dos EUA concluíram, em uma avaliação confidencial, que as ameaças de Kin Jong-un são reais. A nova análise , concluída no dia 04/10/2017 pela Agência de Inteligência da Defesa, confir",,,,falso,0,0,1,0,pre_anotacao_llm,
fakebr-fake-844,"Jornalista explode de raiva e diz que Lula subiu de nível: ""Ele passou de cafajeste a marginal"".  O jornalista e historiador Marco Antonio Villa já protagonizou alguns embates na justiça contra o ex-presidente Lula.  Na maioria dos processos (calúnia, danos morais, etc...) movidos pelo ex-presidente",,,,falso,0,0,0,0,pre_anotacao_llm,
fakebr-fake-867,"Ex-funcionário do governo dos EUA: ""Trump deve estar brincando. Não há acordo com comunistas assassinos"". .  (Daily Express) O presidente americano, Donald Trump, manifestou que tem interesse em se encontrar com o líder norte-coreano, Kim Jong-un. ""Se for apropriado, eu ficaria honrado em encontrá-l",,,,falso,0,0,0,0,pre_anotacao_llm,
fakebr-fake-1461,"Internauta relata o ""dia da mentira"" nos frigoríficos: ""Os fiscais chegam e eles escondem a carne podre"".  Leia abaixo o relato de uma professora universitária postado nas redes sociais:.  Tenho alunos que trabalharam no ""frigorífico"" local e já ouvi de muitos sobre o que os funcionários chamam de """,,,,falso,0,0,0,0,pre_anotacao_llm,
fakebr-fake-399,"Delegado da PF denuncia plano de ""falso atentado"" contra Lula.  O delegado da Polícia Federal e deputado Fernando Francischini fez um alerta nas redes sociais.  Francischini destacou a possibilidade de um falso atentado contra o ex-presidente Lula próximo à data de seu julgamento em Porto Alegre (24",,,,falso,0,0,1,0,pre_anotacao_llm,
fakebr-fake-285,"Previsões de Carlinhos 2017/2018: ""Lula preso, Temer fora, Álvaro Dias presidente e novo acidente aéreo"".  O vidente mais conhecido do Brasil participou do programa ""Balanço Geral SE"".  Carlinhos disse que um novo acidente aéreo irá abalar o país. De acordo com ele, um avião (com cerca de 200 pessoa",,,,falso,0,0,0,0,pre_anotacao_llm,
fakebr-true-3561,FGTS: Temer anuncia liberação para saque de contas inativas. Contas inativas são as que deixam de receber depósitos devido à rescisão do contrato de trabalho; cronograma para saque dessas contas será divulgado até fevereiro e levará em conta a data de nascimento dos beneficiários..  O presidente Mic,,,,verdadeiro,0,0,1,0,pre_anotacao_llm,
fakebr-true-1896,"Jantar em homenagem a Alexandre de Moraes reúne mundos jurídico e político. Associação de magistrados ofereceu na noite desta quarta (22) uma festa, em Brasília, para dar boas-vindas ao novo ministro do Supremo; evento avançou pela madrugada. .  Empossado na tarde desta quarta-feira (22) como novo m",,,,verdadeiro,0,1,1,0,pre_anotacao_llm,
fakebr-true-1265,"Retrospectiva 2017: os principais acidentes e fatos policiais no Sul de Minas. Confira as principais notícias que chocaram os moradores da região em 2017..  Mais uma vez, casos de violência assustaram moradores do Sul de Minas em 2017. Outros casos de anos anteriores tiveram seus desfechos com julga",,,,verdadeiro,0,1,1,0,pre_anotacao_llm,
fakebr-true-757,"COP 23 termina com participação dos EUA e pedido por mais ambição em metas. Quase 200 países se reuniram na Alemanha para debater estratégias e formas para cumprir o Acordo de Paris, firmado em 2015..  A 23a sessão da Conferência da Partes (COP 23) terminou na madrugada deste sábado (18) em Bonn, na",,,,verdadeiro,1,0,0,0,pre_anotacao_llm,
fakebr-true-1153,"Segunda-feira, 11 de setembro de 2017. Boa noite! Aqui estão as principais notícias para você terminar o dia bem-informado.  Joesley Batista, da JBS, dizia na gravação entregue por descuido à Procuradoria-Geral da República que não ia ser preso. Bem, não só foi detido em pleno feriado de 7 de setemb",,,,verdadeiro,0,0,1,0,pre_anotacao_llm,
fakebr-true-247,"Primeira Turma do STF rejeita queixa de Alexandre Frota contra Jean Wyllys

Ator queria que o deputado respondesse por calúnia e difamação. Maioria dos ministros entendeu que Wyllys não teve intenção de cometer crime e tem imunidade para expressar opinião.

A Primeira Turma do Supremo Tribunal Feder",,,,verdadeiro,0,0,1,0,pre_anotacao_llm,
fakebr-true-867,"Estamos enviando uma armada à Coreia do Norte, diz Trump. Temos submarinos muito poderosos, muito mais poderosos do que qualquer porta-aviões, disse ainda, em entrevista à rede fox News..  O presidente dos Estados Unidos, Donald Trump, garantiu nesta quarta-feira (12) que enviará à Coreia do Norte u",,,,verdadeiro,0,0,1,0,pre_anotacao_llm,
fakebr-true-2338,"Pezão diz que vetou ação contra guerra do tráfico na Rocinha para evitar morte de inocentes . Governador admitiu que sabia que a comunidade seria invadida, mas que ele próprio impediu intervenção policial. Ele afirmou que não há necessidade de atuação das forças federais na Rocinha..  O governador d",,,,verdadeiro,1,0,1,0,pre_anotacao_llm,
fakebr-true-2684,"Delações da Odebrecht apontam propina para pais e filhos, maridos e mulheres, em pagamentos de caixa 2 . Em alguns casos, familiares chegavam a receber dinheiro dos pagamentos não oficiais; boa parte dos casos é entre parentes já envolvidos na política. .  As delações divulgadas nesta quarta-feira (",,,,verdadeiro,1,0,1,1,pre_anotacao_llm,
fakebr-true-1471,Depoimentos de Emilio e Marcelo Odebrecht confirmam a maior parte do que disse Palocci a Moro. O Jornal Nacional mostra o confronto entre o que diz a defesa de Lula e as declarações de Palocci e dos donos da Odebrecht. Há uma contradição: se Emilio falou ou não em valores..  A defesa do ex-president,,,,verdadeiro,1,0,1,0,pre_anotacao_llm,
fakebr-true-1418,"Cantor Victor se defende em rede social após indiciamento pela Polícia em MG. O cantor foi indiciado pela Polícia Civil de Minas Gerais por vias de fato, que é uma contravenção penal, contra a mulher dele, Poliana Chaves. .  O cantor Victor Chaves, da dupla Victor & Léo, se defendeu, na tarde desta ",,,,verdadeiro,0,0,0,0,pre_anotacao_llm,
fakebr-true-1625,"Justiça nega habeas corpus para Eike Batista. Defesa pediu liminar, negada por juiz do TRF2. Delatores falaram em tentativa de obstrução de Justiça pelo empresário..  O Tribunal Regional Federal da 2a Região (TRF2) negou habeas corpus solicitado pela defesa do empresário Eike Batista, preso preventi",,,,verdadeiro,0,0,0,0,pre_anotacao_llm,
fakebr-true-1601,"Hábito de reclamar na internet inspira canal de humor em MG. Com mais de 10 milhões de visualizações, vídeos brincam com situações do dia-a-dia e fazem sucesso nas redes sociais..  Um mineiro morador de Pouso Alegre tem feito sucesso na internet com um dos hábitos preferidos de quem frequenta as red",,,,verdadeiro,0,1,0,0,pre_anotacao_llm,
fakebr-true-2379,"Janot apresenta ao Supremo denúncia contra Temer por corrupção passiva. Agora o tribunal aciona a Câmara, que vai decidir se autoriza ou não o prosseguimento da denúncia. Presidente é investigado em caso de pagamento de propina da JBS..  O procurador-geral da República, Rodrigo Janot, apresentou ao ",,,,verdadeiro,0,0,1,0,pre_anotacao_llm,
fakebr-true-990,"Dançarina morta após show foi atingida por veículo parado para ajudá-la. G1 localizou motorista que tentou ajudar Alessandra após atropelamento. Carro dele estava parado e, após colisão na Anchieta, foi jogado em cima da vítima..  O motorista que parou para tentar socorrer a professora de dança Ales",,,,verdadeiro,0,0,1,0,pre_anotacao_llm,
fakebr-true-1139,"Luiz Fux vota pela cassação da chapa Dilma-Temer. Ministro foi quinto a votar, acompanhando o relator, Herman Benjamin. Até o voto de Fux, Napoleão Nunes, Admar Gonzaga e Tarcísio Neto tinham votado pela absolvição da chapa. .  O ministro do Tribunal Superior Eleitoral (TSE) Luiz Fux votou nesta sex",,,,verdadeiro,0,0,1,1,pre_anotacao_llm,
fakebr-true-510,Alimentos feitos de insetos fazem sucesso na Suíça com apelo à sustentabilidade. Rede de supermercados vende almôndegas e hambúrgueres feitos de farinha de vermes moídos; boa aceitação do público levou a desenvolvimento de novos produtos..  Comer insetos pode ser gostoso? Se depender do paladar suíç,,,,verdadeiro,0,1,1,0,pre_anotacao_llm,
fakebr-true-1414,"Nove algoritmos que já podem estar tomando decisões por você - sem você saber. Sistemas de inteligência artificial já determinam quem será escolhido para entrevistas de emprego ou conseguirá empréstimos, com quem nos relacionamos e até mesmo a chance de uma pessoa cometer um novo crime, uma tecnolog",,,,verdadeiro,0,0,1,0,pre_anotacao_llm,
fakebr-true-397,"Da Roma Antiga ao século 20, violência foi fator-chave para reduzir desigualdade, diz historiador. Walter Scheidel, da Universidade de Stanford, explica à BBC Brasil por que não espera arrefecimento da escalada de desigualdade que marca o século 21, mas admite que recente redução em países da Améric",,,,verdadeiro,0,1,1,0,pre_anotacao_llm,
fakebr-true-3504,"Avião com 71 a bordo cai e deixa 49 mortos em aeroporto do Nepal. Aeronave pertence a uma companhia aérea bengalesa. Causas do acidente são investigadas e não está claro se piloto acionou sinal de socorro..  Um avião de passageiros caiu enquanto aterrissava no aeroporto de Katmandu, capital do Nepal",,,,verdadeiro,1,0,1,0,pre_anotacao_llm,
fakebr-true-1670,"Segunda-feira, 5 de fevereiro de 2018. Boa noite! Aqui estão as principais notícias para você terminar o dia bem-informado.  Após 45 dias de recesso, começou o ano do Congresso Nacional - embora haja uma nova interrupção com o feriado de carnaval em alguns dias. As atenções estarão voltadas para a t",,,,verdadeiro,0,1,1,0,pre_anotacao_llm,
fakebr-true-985,"2a Fase da Operação Ouro Verde cumpre mandados de prisão e apreende veículos de luxo em Campinas e Rio Preto. Em Campinas, ex-diretor da Prefeitura e ex-servidor foram presos. Médico foi preso em São José do Rio Preto e advogado alvo de mandado de prisão ainda não foi localizado. Todos têm ligação c",,,,verdadeiro,1,0,1,0,pre_anotacao_llm,
fakebr-true-2861,"Fachin manda para a Justiça Federal do DF denúncia de organização criminosa contra Lula, Dilma e ex-ministros. Denúncia, no âmbito da Operação Lava Jato, foi oferecida pela Procuradoria Geral da República com base em inquérito que apura se PT formou organização criminosa para desviar dinheiro da Pet",,,,verdadeiro,0,0,1,0,pre_anotacao_llm,
fakebr-true-2978,"O acervo de 11,5 milhões de registros financeiros de um paraíso fiscal expõe uma rede de empresas offshore de líderes do cenário político mundial  –  inclusive 12 chefes de Estado atuais e antigos –  e revela como integrantes do círculo de poder do presidente russo Vladimir Putin movimentaram secret",,,,verdadeiro,1,0,1,1,pre_anotacao_llm,
fakebr-true-2482,"O episódio dos recibos de aluguel do apartamento de Lula em São Bernardo é grotesco do ponto de vista da lógica, mas a defesa está jogando claramente na hipótese de que pode usá-lo para convencer os militantes de que Lula está sendo perseguido pela Justiça. Lembra-se daquele programa Acredite se qui",,,,verdadeiro,0,0,1,0,pre_anotacao_llm,
fakebr-true-979,"Na semana passada, afirmei que a Câmara e o Senado perderam a vergonha de vez nas votações relâmpago da falsa reforma política e do Refis, que perdoaria dívidas de suspeitos de corrupção com a União e terminou dando descontos de até 90% a parlamentares sonegadores de impostos, entre eles o relator d",,,,verdadeiro,1,1,1,1,pre_anotacao_llm,
fakebr-true-1884,"‘Vão me  entregar à  morte’, diz  Battisti. Italiano nega tentativa de fuga para a Bolívia e afirma que sua prisão, em Corumbá (MS), foi uma ‘armação’ para pegá-lo.  CANANEIA (SP) - Enquanto o presidente Michel Temer espera um parecer da Subchefia de Assuntos Jurídicos para decidir sobre a extradiçã",,,,verdadeiro,0,1,1,0,pre_anotacao_llm,
fakebr-true-332,"Veja os principais trechos do julgamento de Lula no TRF-4 em Porto Alegre. Primeiro desembargador, Pedro Gebran Neto, vota no caso do  triplex do Guarujá e aumenta pena do ex-presidente para 12 anos e 1 mês de prisão; revisor do caso acompanha voto na íntegra.  O desembargador Pedro Gebran Neto , re",,,,verdadeiro,1,0,0,0,pre_anotacao_llm,
fakebr-true-3142,"Após ataques, pré-candidatos de esquerda vão participar de ato com Lula em Curitiba. Manifestação de apoio ao ex-presidente será a última etapa da caravana do petista; passagem por Guarapuava foi cancelada.  BRASÍLIA - Após o ataque a tiros à caravana do ex-presidente Luiz Inácio Lula da Silva no Pa",,,,verdadeiro,0,0,1,0,pre_anotacao_llm,
fakebr-fake-198,"Exército honra causa de Sérgio Moro e diz que a guerra à corrupção é de todos. O Exército decidiu mostrar seu apoio ao Juiz que tem destruído alguns dos mais poderosos bandidos deste país.  O Juiz Sérgio Moro, responsável pela Operação Lava Jato desde 2014, foi homenageado pelo Comando do Exército, ",,,,falso,0,0,0,1,pre_anotacao_llm,
fakenewsbr-1622,🇧🇷RDGBolsonaro #OBrasilApoiaBolsonaro (@iasgomes) tweetou: Médico “censurado” pela CNN dá elucidativo depoimento sobre o Coronavírus,,,,verdadeiro,0,0,0,0,pre_anotacao_llm,
fakenewsbr-1308,"Seja vc Bolsonarista, Petista, centro, católico, Evangélico, Umbandista, Cardessista seja a porra que for !!!!!!!

Presta atenção burro !!!

Não é a Globo criatura!!!!!! 🤦🏻♂️
Na próxima um desenho resolve? Parem de achar q tudo é culpa da Globo, do Bolsonaro, do PT, do fulano, do ciclano. Temos que ",,,,verdadeiro,1,1,1,0,pre_anotacao_llm,
fakenewsbr-361,"O governador Witzel exonerou  nessa sexta (03/abril), a subsectretaria de saúde Dra. Mariana Tomasi, porque ela não concordou com a contratação da empresa O.S. OZZ Saúde Eireli para gestionar a SAMU.  Esse serviço era feito pelo Corpo de Bombeiros à custo zero e com excelente qualidade. O Gov. Witze",,,,verdadeiro,0,0,1,1,pre_anotacao_llm,
fakenewsbr-450,"Com número de mortos explodindo, Suécia abandona a ""tática Bolsonaro"" e irá adotar isolamento social contra coronavírus",,,,verdadeiro,0,0,0,0,pre_anotacao_llm,
fakenewsbr-1478,"*NÓS PRESOS, ELES SOLTOS: Mais de 30 mil criminosos saíram da prisão por causa do coronavírus*


Departamento Penitenciário Nacional (Depen), do Ministério da Justiça e Segurança Pública, estima que mais de 30 mil presos saíram da prisão após recomendação do Conselho Nacional de Justiça (CNJ), que p",,,,verdadeiro,0,0,1,0,pre_anotacao_llm,
fakenewsbr-579,"🍃 AMAZÔNIA PRESS🍃
	
*Na madruga dessa terça feira (31), Binho Lopes, tecladista, produtor, regente, professor de música e empresário da Banda Joy, que fazia parte dos contaminados com a coronavírus no Amazonas, faleceu.*

Confira mais no link:",,,,verdadeiro,0,0,1,0,pre_anotacao_llm,
fakenewsbr-253,"*ZAP EXTRA* GRANDE PONTO

*_www.grandeponto.com.br_*

👀Jornalista sugere nova facada e Bolsonaro reage: ""Que Deus lhe dê em dobro"" 

🚷Coronavírus: Justiça suspende campanha do governo contra isolamento social 

😷Lojistas do Alecrim reabrirão com restrições e garantindo segurança de clientes 

📲 _*Re",,,,verdadeiro,0,0,1,0,pre_anotacao_llm,
fakenewsbr-979,"Para mim, esse é o comentário mais inteligente que ouvi, até hoje, sobre o problema do covid 19.",,,,verdadeiro,0,0,0,0,pre_anotacao_llm,
fakenewsbr-660,"Esta coluna é dedicada aos médicos e a todos os profissionais de saúde.

Meu olho enche de lágrima só de pensar nesse exército de homens e mulheres que se expõem para nos salvar, para nos cuidar, para nos acalmar, para nos consolar.

Imagine os médicos e enfermeiros da Itália, da China, do Brasil. G",,,,verdadeiro,0,0,0,0,pre_anotacao_llm,
fakenewsbr-1856,Cada morte por COVID-19 daqui pra frente recairá sobre este irresponsável Mandetta.,,,,falso,0,0,1,0,pre_anotacao_llm,
fakenewsbr-1627,"*VOCÊ ESTUDOU HISTÓRIA DO BRASIL?*

Certamente em nenhuma escola te ensinaram o que se segue.

*SEIS CONSTITUIÇÕES FEDERAIS*
[TELEFONE]
[TELEFONE]
[TELEFONE]

*9 MOEDAS*
Réis: até 1941
Cruzeiro: 1942
Cruzeiro Novo: 1967
Cruzeiro: 1970
Cruzado: 1986
Cruzado Novo: 1989
Cruzeiro: 1990
Cruzeiro Real: 19",,,,verdadeiro,1,1,1,1,pre_anotacao_llm,
fakenewsbr-1364,Alguém aqui sabe quanto acatamento a união mandou para os Estados somente para o combate ao corona?,,,,verdadeiro,0,0,0,0,pre_anotacao_llm,
fakenewsbr-314,Epidemiologista francês afirma que 1.291 pacientes foram tratados em Marselha com hidroxicloroquina e azitromicina,,,,verdadeiro,0,0,0,0,pre_anotacao_llm,
fakenewsbr-603,"*CURTAM NOSSA PÁGINA*


*Vacinação por “drive thru” acontece nesta sexta (3) em GV*  *Os pontos de vacinação são o estacionamento do GV Shopping e o Campus 2 da Univale, no bairro Santos Dumont 1*
*A Secretaria Municipal de Saúde (SMS) realizará nesta sexta-feira (3) a vacinação contra Influenza, vi",,,,verdadeiro,0,0,1,0,pre_anotacao_llm,
fakenewsbr-1155,Sou não kkk to pouco me fudendo pro corona kkk podia fica em casa de boas kkk mas não curto kjkj,,,,verdadeiro,0,0,0,0,pre_anotacao_llm,
fakenewsbr-1754,"📌 INCRÍVEL!... 

Filme de 2011 voltou a ficar popular por semelhanças com a epidemia de #Covid19. 

Pasmem: No filme a cura foi #Hidroxicloroquina.

▶️...",,,,falso,0,0,1,0,pre_anotacao_llm,
fakenewsbr-1427,"🇧🇷 Alemanha, USA e Canadá Estão Bloqueando a China Na Aquisição De Empresas Em Seu Território! Eu Acho Que Deviamos Fazer a Mesma Coisa. Devemos Proteger Nosso Futuro a Todo Custo, Ou a Vida Pode Virar Um Inferno! Infelizmente Essa é a Realidade.",,,,verdadeiro,0,0,0,0,pre_anotacao_llm,
fakenewsbr-626,".



⚠️⚠️⚠️⚠️⚠️
*CIDADE ALERTA*
🦅🗞📰🇧🇷


*MINAS GERAIS*

*Usinas de cana-de-açúcar no Triângulo e Alto Paranaíba se unem para doar álcool líquido 70%*

Os beneficiados serão o Corpo de Bombeiros da região, hospitais e postos de saúde em Ituiutaba.

Por G1 Triângulo e Alto Paranaíba
02/04/2020 14h34  ",,,,verdadeiro,0,0,1,0,pre_anotacao_llm,
fakenewsbr-1488,🔴🔴ENTENDA A GRAVIDADE: Mandetta pediu 410 BILHÕES para tratar coronavírus mas só precisa de 10 BILHÕES. Bolsonaro contestou e agora diz que foi erro de digitação.,,,,verdadeiro,0,0,1,0,pre_anotacao_llm,
fakenewsbr-1939,Não caia nas mentiras da esquerda e da imprensa. Confira algumas ações do Governo Federal para diminuir os impactos do coronavírus,,,,falso,0,0,0,0,pre_anotacao_llm,
fakenewsbr-1115,"Tentaram com uma facada, depois com a Amazônia em chamas, com a Marielle, com o porteiro do condomínio, com a avó da Michele, com a moça da banquinha de açaí, com o óleo venezuelano, com os palestinos, com o Queiroz, com a Joyce, com o Mácron, com o papa, com a China, com o Intercept, com os robôs d",,,,falso,0,0,1,0,pre_anotacao_llm,
fakenewsbr-13340,"Apoiadores em Palmas do presidenciável Jair Messias Bolsonaro (PSL) iniciaram pelas redes sociais uma campanha intensa de conscientizar sobre a importância de doar sangue e medula óssea. O lançamento da campanha será nesta quarta-feira (12), às 10h, na sede do Hemocentro, na Quadra 403 Norte, Avenid",,,,verdadeiro,0,0,0,0,pre_anotacao_llm,
fakenewsbr-14877,"Tudo bem que você já deu seu dislike para essas traidoras da Pátria. 
Mas tem que mandar aos seus contatos para continuar a chuva de dislikes para essas PTralhas!  
  
Vamos dar ""dislike"" nos vídeos dos artistas PTralhas""rouanet's"" ""EleNão""
Clica no link, vai aparecer o vídeo e vc clica na mãozinha ",,,,falso,0,0,0,0,pre_anotacao_llm,
fakenewsbr-15851,"Eleição encerrada, Bolsonaro venceu em todos os lugares do mundo:

✅Em Portugal🇵🇹 com 79%.

✅Nos EUA🇺🇸com 90%

✅Suíça🇨🇭: 87,6%

✅Holanda🇳🇱: 91%

✅Japão🇯🇵 81%

🇧🇷🇧🇷🇧🇷",,,,verdadeiro,0,0,0,0,pre_anotacao_llm,
fakenewsbr-15303,"*Atenção!!!* O próprio  General Heleno trazendo a público, a informação  do atentado  terrorista armado para pegar Jair Bolsonaro  nos próximos dias!!!",,,,verdadeiro,0,1,0,0,pre_anotacao_llm,
fakenewsbr-14899,"O PT tem uma última carta na manga, e isso pode realmente ser verdade: 

Faltando 3 dias para as eleições haverá um falso ataque contra o Haddad e Manuela.

Eles se deixarão bater de verdade até causar hematomas. 

Esses hematomas são para garantir que a hipótese de que seja mentira seja logo rechaç",,,,falso,1,1,0,0,pre_anotacao_llm,
fakenewsbr-11867,"O candidato dos pobres, chegando ontem a tarde no aeroporto de Congonhas em SP, numa FERRARI que vale R$ 1.800.000,00.",,fabricado,,falso,0,0,1,0,pre_anotacao_llm,
fakenewsbr-10965,"TODOS AQUI EM CASA TEM LIBERDADE DE  EXPRESSÃO, UNS VOTAM NO JAIR, OUTROS NO BOLSONARO E O RESTO NO 17...🇧🇷️",,,,verdadeiro,0,0,1,0,pre_anotacao_llm,
fakenewsbr-10825,"*No Ceará, o Comando Vermelho( CV ) PROIBIU propaganda de BOLSONARO  nos territórios que* *""administra""*
*Somente LULA E CIRO Podem.  Por serem aliados do CRIME.*
Alguém tem dúvida agora da quadrilha?  



*Agora é oficial*",,,,falso,0,0,1,0,pre_anotacao_llm,
fakenewsbr-12679,"Tenho visto alguns xingar nordestino.
Minha opinião é: estamos numa guerra e vamos lutar e salvar nossos irmãos do nordeste da ilusão da esquerda!
Vamos lembrar que mais de 25% dos nordestinos já são Bolsonaro e temos que ajudar eles a crescer mais!
É uma guerra! Vamos vencer!
Nada de ser como os es",,,,verdadeiro,0,0,0,0,pre_anotacao_llm,
fakenewsbr-14693,Ato de campanha de Bolsonaro em Juiz de Fora é interrompido após tumulto,,,,verdadeiro,0,0,0,0,pre_anotacao_llm,
fakenewsbr-11022,"A LUTA CONTINUA, A CAMPANHA JAMAIS SE ENFRAQUECERÁ. SOMOS TODOS BOLSONARO",,,,verdadeiro,0,0,1,0,pre_anotacao_llm,
fakenewsbr-16105,*Enquete instagram No steries BBcity da depressão votem lá no #ele_sim*,,,,falso,0,0,0,0,pre_anotacao_llm,
fakenewsbr-10860,Enquete para presidência! *Quem é seu candidato?* Vote e veja quem esta ganhando as Eleições 2018 *Acesse* ⤵,,,,falso,0,0,0,0,pre_anotacao_llm,
fakenewsbr-11864,"*_O meu Voto será de acordo com a Palavra de Deus._*

O número do Bolsonaro é 17 certo?

Então veja sobre o número 17 na Bíblia.
*Isso é de arrepiar!*

_Você Sabia?_

*17 Livros da Bíblia tem Capítulo 17 e versículo 17.*

*1)* _É na hora da Angústia que nasce um irmão._ *Provérbios 17:17*.

*2)* _De",,,,falso,1,0,0,1,pre_anotacao_llm,
fakenewsbr-11340,⠄⠄⠄⠄⠄⠄⠄⢀⣠⣤⣶⣾⣿⣭⣴⣾⣷⣶⣄⡀⠄⠄⠄⠄⠄⠄⠄⠄⠄ ⠄⠄⠄⠄⠄⠄⢀⣴⣿⡿⠟⠛⠛⠻⠿⠿⠿⠿⣿⣿⣿⣷⡀⠄⠄⠄⠄⠄⠄⠄ ⠄⠄⠄⠄⠄⢠⣿⣿⡋⠄⠄⠄⠄⠄⠄⠄⠄⠄⠄⠄⠙⢿⣿⡄⠄⠄⠄⠄⠄⠄ ⠄⠄⠄⠄⠄⢾⣿⣿⡇⣴⣦⣤⣶⣦⡀⠄⢠⣴⣶⣶⣶⣼⣿⡇⠄⠄⠄⠄⠄⠄ ⠄⠄⠄⠄⠄⠸⣿⣿⠙⠿⠿⠿⠍⠛⠃⠄⠈⠉⠉⠿⠿⠋⢻⡇⠄⠄⠄⠄⠄⠄ ⠄⠄⠄⠄⠄⠄⢿⣿⣆⠄⠄⠄⠄⠄⣠⣤⣤⡄⠄⠄⠄⠄⡞⠄⠄⠄⠄⠄⠄⠄ ⠄⠄⠄⠄⠄⠄⠈⢻⣿⡀⠄⠄⢀⣀⣈⣙⣉⣀⣀⡀⠄⢠⠧⠄⠄⠄⠄⠄⠄⠄ ⠄⠄⠄⠄⠄⠄⠄⠄⢻⣿⣿⣦⡛⠉⠐⠒⠒⠂⠈⠙⣴⡿⠄⠄⠄⠄⠄⠄⠄⠄ ⠄⠄⠄⠄⠄⠄⠄⠄⢸⣿⣿⣿⣷⣶⣶⣶⣷⣶⣶⣿⣿⠃⠄⠄⠄⠄⠄⠄⠄⠄ ⠄⠄⠄⠄⠄⠄⠄⣴⡟⠻⣿⡻⣿⣿⣿⣿⣿⣿⣿⣿⡿⠄,,,,verdadeiro,0,0,0,0,pre_anotacao_llm,
fakenewsbr-15189,"Na proposta do Bolsonaro a economia cresce e voltamos a ter trabalho e dignidade!

Na proposta do Haddad o Brasil vira uma Venezuela!

Aqui estão os pontos chaves das propostas de um e de outro!

Comparativo dos programas Bolsonaro/ Lula (Haddad):

*IMPOSTOS*

- Bolsonaro: Redução da carga tributári",,,,falso,0,0,1,0,pre_anotacao_llm,
fakenewsbr-11333,"- A senhora que aparece na propaganda de Haddad dizendo que foi torturada na época da ""Ditadura"", é militante do PC do B!(Partido comunista do Brasil), acharam que não íamos levantar a ficha dela, que foi assaltante de bancos uma terrorista. As mídias sociais, vieram para esclarecer e libertar o Bra",,,,falso,1,0,1,0,pre_anotacao_llm,
fakenewsbr-13026,"Isso aconteceu hoje na Banca do Alex na esquina da Presidente Backer com Moreira César, em frente à Beira Mar. Vergonha DataFolha/Globo😡",,,,falso,0,0,0,1,pre_anotacao_llm,
fakenewsbr-11627,"Pesquisa Eleitoral e sem tendências 
Pesquisa Feita por uma Faculdade 


Você só pode votar 1 vez 



Por favor, ajude a divulgar essa pesquisa!",,,,falso,1,0,0,0,pre_anotacao_llm,
fakenewsbr-13479,⠄⠄⠄⠄⠄⠄⠄⢀⣠⣤⣶⣾⣿⣭⣴⣾⣷⣶⣄⡀⠄⠄⠄⠄⠄⠄⠄⠄⠄ ⠄⠄⠄⠄⠄⠄⢀⣴⣿⡿⠟⠛⠛⠻⠿⠿⠿⠿⣿⣿⣿⣷⡀⠄⠄⠄⠄⠄⠄⠄ ⠄⠄⠄⠄⠄⢠⣿⣿⡋⠄⠄⠄⠄⠄⠄⠄⠄⠄⠄⠄⠙⢿⣿⡄⠄⠄⠄⠄⠄⠄ ⠄⠄⠄⠄⠄⢾⣿⣿⡇⣴⣦⣤⣶⣦⡀⠄⢠⣴⣶⣶⣶⣼⣿⡇⠄⠄⠄⠄⠄⠄ ⠄⠄⠄⠄⠄⠸⣿⣿⠙⠿⠿⠿⠍⠛⠃⠄⠈⠉⠉⠿⠿⠋⢻⡇⠄⠄⠄⠄⠄⠄ ⠄⠄⠄⠄⠄⠄⢿⣿⣆⠄⠄⠄⠄⠄⣠⣤⣤⡄⠄⠄⠄⠄⡞⠄⠄⠄⠄⠄⠄⠄ ⠄⠄⠄⠄⠄⠄⠈⢻⣿⡀⠄⠄⢀⣀⣈⣙⣉⣀⣀⡀⠄⢠⠧⠄⠄⠄⠄⠄⠄⠄ ⠄⠄⠄⠄⠄⠄⠄⠄⢻⣿⣿⣦⡛⠉⠐⠒⠒⠂⠈⠙⣴⡿⠄⠄⠄⠄⠄⠄⠄⠄ ⠄⠄⠄⠄⠄⠄⠄⠄⢸⣿⣿⣿⣷⣶⣶⣶⣷⣶⣶⣿⣿⠃⠄⠄⠄⠄⠄⠄⠄⠄ ⠄⠄⠄⠄⠄⠄⠄⣴⡟⠻⣿⡻⣿⣿⣿⣿⣿⣿⣿⣿⡿⠄,,,,verdadeiro,0,0,0,0,pre_anotacao_llm,
fakenewsbr-13928,BOLSONARO CHEGOU VOTOU É JA FOI EMBORA GRAÇAS A DEUS TUDO SOB CONTROLE.... DEUS É PAI.,,,,verdadeiro,0,0,1,0,pre_anotacao_llm,
fakenewsbr-11317,"Soldados do Bolsonaro no Tocantins!!

Sejamos valorosos e guerreiros SOLDADOS no Dia 28/10 no segundo Turno da eleição. Apresente -se para ser representante do PSL, autorizado pelo TRE, com poderes para delegar e constituir em sua cidade, FISCAIS e DELEGADOS da eleição.

O momento é de nos apresenta",,,,verdadeiro,0,0,1,0,pre_anotacao_llm,
fakenewsbr-12083,"Colocaram hoje uma faixa no centro de Brasília, na rodoviária do Plano Piloto,

Escrito: Bolsonaro Presidente Buzine!!! 

Olhe o que aconteceu ...

E as pesquisas do datafalha.......
Kkkkkkkkk",,,,verdadeiro,0,1,0,0,pre_anotacao_llm,
fakenewsbr-14219,"🔴STF proíbe Danilo Gentili de fazer pesquisas nas redes sociais.🔴
👇👇👇👇👇👇👇👇👇",,,,verdadeiro,0,0,0,0,pre_anotacao_llm,
fakenewsbr-15003,"[28/8 23:09] Bolsonaro 2018: Acesse este link para entrar no meu grupo do WhatsApp: 
[28/8 23:09] Bolsonaro 2018: Vamos recuperar o grupo",,,,verdadeiro,0,0,0,0,pre_anotacao_llm,
fakenewsbr-13260,"✴Uma Agência pró PT criou agora os Mensalinhos das Redes Sociais, pessoas ganhando de 1500 a 2000 reais...💰💰💰💸💸💸✴

...Para influenciar nas redes sociais, como hastag e falar bem de alguém do partido do PT, como Gleisi Hoffman etc, Assistam mais este absurdo!!!

❇""Sabe aquele influenciador digital qu",,,,falso,0,1,1,0,pre_anotacao_llm,
fakenewsbr-13797,"Lembram do vídeo que “supostos partidários do Bolsonaro” distribuíam capim no Recife?
Então escute...
👇👇👇👇👇👇👇",,,,falso,0,0,0,0,pre_anotacao_llm,
fakenewsbr-11277,"Nossa, que relato desse oficial do Exército ... Isso cala a boca de muito jovem metido à esquerdista.. 

👇🏻

"" Minha filha, sei que você tem sido ativa nas redes sociais divulgando-se contrária a #elesim e possivelmente vota na esquerda.
Embora não concorde, respeito profundamente suas opiniões e se",,,,falso,0,0,1,0,pre_anotacao_llm,
fakenewsbr-12792,"“Não sou suicida nem idiota”
Paulo Guedes

O senhor é um economista renomado, banqueiro, Ph.D. por uma das melhores universidades do mundo. Jair Bolsonaro é um candidato vindo de um círculo no qual o senhor nunca transitou. Como ocorreu esse encontro? 
- Ele me chamou para conversar depois de ter li",,,,verdadeiro,0,0,1,0,pre_anotacao_llm,
fakenewsbr-15132,"*CLIPPING DE DOMINGO*
São Paulo, SP, 16/09/2018, *Airton*

*Bolsonaro faz pronunciamento*
O presidenciável fez na tarde de hoje, por volta das 17 horas, uma LIVE através do Youtube. Bolsonaro começou agradecendo o apoio, carinho, orações e a confiança do povo, e também à esposa e médicos e enfermeir",,,,verdadeiro,0,0,1,0,pre_anotacao_llm,
fakenewsbr-12139,"*URGENTE*
Lula acaba de ser solto pelo Ministro Gilmar Mendes.
O ex presidiário, junto com a senadora Gleisi Hoffmann, já se encontra no aeroporto de Curitiba. Isso é  Brasil 🇧🇷",,,,falso,0,1,1,0,pre_anotacao_llm,
fakenewsbr-11922,"*Divulgue*

A esquerda está criando grupos de WhatsApp do Bolsonaro para forjar conversa sobre as tal empresas fictícias que fazem campanha por WhatsApp. Isso tudo pra montar a narrativa com mentira como se fosse fatos. Até mesmo com prints falsos.
Avise os amigos do PSL",,,,falso,0,0,0,0,pre_anotacao_llm,
fakenewsbr-10859,"TODOS OS CANDIDATOS DO BOLSONARO NO BRASIL... COMPARTILHEM E AJUDEM A DIVULGAR EM OUTRAS REDES SOCIAIS


Time Bolsonaro Brasil 

Time Bolsonaro RJ 
Presidente Bolsonaro 17
Senador 1 - Flavio Bolsonaro 177
Senador 2 - Arolde de Oliveira 555
Dep. Federal - Márcio Labre 1752
Dep. Estadual - Alexandre K",,,,verdadeiro,1,0,1,0,pre_anotacao_llm,
fakenewsbr-15211,"Antes de reclamar do lanche, verifique o tamanho da cozinheira! 😂😂😂",,,,verdadeiro,0,0,0,0,pre_anotacao_llm,
fakenewsbr-12919,"📣📣📣📣📣
Atençao apoiadores do Bolsonaro.

Vamos organizar um grupo de no minimo 50 pessoas pra recriar um dança q esta bombando na internet.

Super simples e facil, com 1h de ensaio vamos conseguir fazer.

Depois que tiver um grupo iremos marca o local e o dia da apresentação ( sera tudo no mesmo dia)",,,,verdadeiro,0,0,0,0,pre_anotacao_llm,
fakenewsbr-17079,"DESOBEDIÊNCIA CIVIL

                   NÃO VOTAR 

VAMOS MOSTRAR PARA O MUNDO.

 QUE ESTA ORGANIZAÇÃO CRIMINOSA DE ORDEM INTERNACIONAL 

NÃO MANDA EM NOSSA AMADA PÁTRIA

            DESOBEDIÊNCIA CIVIL
                   NÃO VOTAR

👇👇👇👇👇👇👇👇👇👇👇👇👇

 NÃO VOTAR É UNICA FORMA PARA DERRUBAR O SISTEMA COM",,,,falso,0,0,1,0,pre_anotacao_llm,
fakenewsbr-11780,"Essa é a mensagem que está circulando :
❌🆘❌🆘❌🆘❌🆘❌

ATENÇÃO!!!!! O TSE Quer Acabar Com a Campanha do Bolsonaro, ou até mesmo ter sua possível Vitória Anulada. Vou explicar o Golpe do TSE: de uma Hora pra outra Liberaram o uso de camisa de candidato, sendo que a maioria é Bolsonaro, porém existe uma R",,,,falso,1,1,1,0,pre_anotacao_llm,
fakenewsbr-13053,Alguém sabe sobre as decisões do supremo sobre presos em segunda instância na lava-jato ficarem soltos ???,,,,verdadeiro,0,0,0,0,pre_anotacao_llm,
fakenewsbr-12184,"*Idoso é preso em cabaré após fazer sexo com 4 raparigas e dizer que Ciro Gomes pagaria a conta*

Após a proposta do candidato à presidência Ciro Gomes de tirar o nome dos brasileiro do SPC, vários casos de calote em território nacional já começaram a crescer.

Entre as ocorrências, a mais inusitada",,,,falso,0,0,1,0,pre_anotacao_llm,
fakenewsbr-16267,"Veja a reação da plateia, quando a Banda VoxxClub da Alemanha falou:
“Brasil acima de tudo, Deus acima de todos”... OktoberFest 16.10.18",,,,falso,0,0,0,0,pre_anotacao_llm,
fakenewsbr-15305,"Todos sabem que os Estados Unidos da América é um país de 1o. mundo, riquíssimo e uma Democracia que existe há séculos. Assim, verifiquei quantos presidentes americanos foram militares e fiz uma listagem com patentes e nomes.

Veja aí:

*EXÉRCITO:* 

*Generais:*
George Washington
Eisenhower
Ulysses ",,,,verdadeiro,0,0,1,0,pre_anotacao_llm,
fakenewsbr-16472,"👏🏿👏🏿👏🏿Quem tem a ex mulher fazendo campanha a favor, é porque não deve ser um cara ruim, né?...😉",,,,verdadeiro,0,0,0,0,pre_anotacao_llm,
fakenewsbr-14567,"*Ordem em meio a caos, o sucesso das escolas militares.*

_Curta_: *Direita Palmas-To*↪✅",,,,verdadeiro,0,0,0,0,pre_anotacao_llm,
fakenewsbr-15159,"*URGENTE!!!!!!!! URGENTEE!!!!PESSOAL COLE NO SEU FACE BOOK!🇧🇷 E REPASSE EM TODOS OS GRUPOS DO WHATSAPP!!*
Golpe, Golpe, Golpe... Adelio foi autorizado a dar entrevista dia 5 sexta-feira depois q acabar o horário eleitoral. Fontes confiáveis e dignas viram os textos. Ele vai dizer q foi o próprio par",,,,falso,1,1,1,0,pre_anotacao_llm,
fakenewsbr-11274,"✅

Presidente: Bolsonaro 1⃣7⃣

👀 Veja se sua cidade possui grupo WhatsApp de Pró-Bolsonaro, precisamos ganhar em todas 139 cidades do Tocantins. 

Abaixo 45 links das principais cidades do Tocantins, como segue:

1. Palmas

✅

                 1.1 Luzimangues

                 ✅ 

                 1",,,,verdadeiro,0,0,0,0,pre_anotacao_llm,
fakenewsbr-14985,"*Luizão Danatramp de Itabaiana manda o recado aos que falam mal de Bolsonaro*...

*Segure o homem*😆😆
🗣💱💱💱",,,,verdadeiro,0,0,0,0,pre_anotacao_llm,
fakenewsbr-15484,"Pesquisa Eleitoral e sem tendências 

Pesquisa de intenção de VOTO 2018 👉 

Você só pode votar 1 vez 
Ao concluir verá o resultado.                                                                                                                                                     
Por favor, ajude a ",,,,falso,1,0,1,0,pre_anotacao_llm,
fakenewsbr-14992,"Não  querendo  melar o cara, mas veja isso:
- Amoedo começa a carreira em meado dos anos 80 com duas formações universitárias completas (engenharia e adm/ UFRJ e PUC)  aos 22 anos é contratado como trainee no Citibank; (lembrem-se, para a época uma formação ja era digna de nota e indicador de famíli",,,,falso,0,0,1,0,pre_anotacao_llm,
fakenewsbr-11040,"Admilson Carajá da Ilha do Bananal-To, é o melhor exemplo do espírito real dos brasileiros e de seus interesses maiores em criar uma grande nação. Esse homem é muito mais importante do que todos os petistas juntos. Ele, um homem simples, busca solução e o progresso.",,,,verdadeiro,0,0,0,0,pre_anotacao_llm,
fakenewsbr-12442,"O cara de marrom empurra com força o lugar na lateral do abdômen, chega a projetar o corpo com um claro intuito de agravar as lesões internas, foi uma ação coordenada para matar o Bolsonaro!",,,,falso,0,0,0,0,pre_anotacao_llm,
fakenewsbr-12866,GRAVÍSSIMO....  Ouça êsse áudio! E VEJA O QUE PODEMOS FAZER.... RECEBI de uma amiga  casada com um suíço. 👆🏼👆🏼👆🏼,,,,falso,0,0,1,0,pre_anotacao_llm,
fakenewsbr-14103,"Após ter acompanhado Jair Bolsonaro pelo interior de SP por quatro cidades (Presidente Prudente, Araçatuba, Glicério e São José do Rio Preto), divido com vocês o que percebi até aqui:

1-)ao contrário do estereótipo que a mídia criou e que impõe goela abaixo ao seu público, a personalidade de Jair B",,,,falso,0,0,1,1,pre_anotacao_llm,
fakenewsbr-14171,"Denise Gomes te convidou para assistir uma transmissão no app Mano!

Clique para participar:",,,,verdadeiro,0,0,0,0,pre_anotacao_llm,
fakenewsbr-16929,"*Jean Wyllys*
*Maria do Rosário*
*Lindenberg*
*Dilma Rousseff*
*Gleisi Hoffman*
*Requião*
*Suplicy*
*Chico Alencar*

*Estão Fora.....!!!!*",,,,falso,0,1,0,0,pre_anotacao_llm,
fakenewsbr-11911,"Gente chega de falar de Política, vamos escutar um louvor com MATOS NASCIMENTO.",,,,verdadeiro,0,0,1,0,pre_anotacao_llm,
fakenewsbr-12460,"*ATENÇÃO* 
Não vá votar com camisa do *MITO* , vista verde e amarelo. Apesar do TSE ter liberado, mais de três com a camisa, poderá ser considerado BOCA DE URNA, e os votos serão anulado.",,,,verdadeiro,0,1,1,0,pre_anotacao_llm,
fakenewsbr-13792,"Mailine Nascimento, ex candidata a Deputada Federal, indicando e apoiando Coronel Bezerra. #VamosComCoronelBezerra✔",,,,verdadeiro,0,0,0,0,pre_anotacao_llm,
fakenewsbr-12868,Há 25 anos Chico Anisio já dizia que a imprensa brasileira era petista,,,,verdadeiro,0,0,0,0,pre_anotacao_llm,
fakenewsbr-13758,"Opinião:
É preciso estabelecer, urgentemente, no Brasil, a Ditadura do Empresariado.",,,,falso,0,1,0,0,pre_anotacao_llm,
fakenewsbr-568604406705727972,Banner das eleições de 2022 mostra que Zema sempre apoiou Lula,,enganoso,,enganoso,0,0,0,0,pre_anotacao_llm,
fakenewsbr-942050770966242892,Vídeo mostra enxurrada na Líbia em setembro de 2023,,fabricado,,falso,0,0,0,0,pre_anotacao_llm,
fakenewsbr-71527464474024138,Caos e incêndio de veículos relatados na greve dos transportes em Lima,,fabricado,,falso,0,0,0,0,pre_anotacao_llm,
fakenewsbr-760534437976697114,Organizador da Marcha para Jesus 2023 em Florianópolis e pastor da cidade são presos em operação contra a corrupção,,nenhum,,verdadeiro,0,0,0,0,pre_anotacao_llm,
fakenewsbr-935331605821300784,la engoliu o celular para o namorado não ver seu WhatsApp,,fabricado,,falso,0,0,0,0,pre_anotacao_llm,
fakenewsbr-147286384453705551,Restaurante em Tóquio será o primeiro a servir carne humana,,fabricado,,falso,0,0,0,0,pre_anotacao_llm,
fakenewsbr-851740982608126092,Vazou o vídeo de Luciana Gimenez comemorando a vitória de Jair Bolsonaro,,nenhum,,verdadeiro,0,0,0,0,pre_anotacao_llm,
fakenewsbr-77354443371080395,Crianças atravessam diariamente um rio em sacos plásticos! Será verdade,,nenhum,,verdadeiro,0,0,0,0,pre_anotacao_llm,
fakenewsbr-1089190433092756797,As fotos de alunos sem roupa em universidades públicas são reais,,falso_contexto,,enganoso,0,0,0,0,pre_anotacao_llm,
fakenewsbr-1069229595294500502,Toras de madeira apreendidas estavam com fundador de ONG na Amazônia,,falso_contexto,,enganoso,0,0,0,0,pre_anotacao_llm,
fakenewsbr-102434202752290824,Fotos mostram as máscaras usadas durante a Gripe Espanhola de 1918,,falso_contexto,,enganoso,0,0,0,0,pre_anotacao_llm,
fakenewsbr-340970077930862822,Lula pode acabar com o sigilo de 100 anos de documentos de Bolsonaro,,enganoso,,enganoso,0,0,0,0,pre_anotacao_llm,
fakenewsbr-593427418801144159,Ratinho Júnior diz que o pai teve de sair do interior e ir para Curitiba por estar desempregado,,falso_contexto,,enganoso,0,0,0,0,pre_anotacao_llm,
fakenewsbr-209383056143487629,"Vídeo publicado nas redes sociais mostra o presidente do Supremo Tribunal Federal, Luís Roberto Barroso, sendo hostilizado por um grupo de pessoas, enquanto é atendido no guichê de um aeroporto. O grupo xinga, vaia e pede a saída do ministro do vôo. A publicação alega ainda, na sua legenda, que o mi",,enganoso,,enganoso,0,0,0,0,pre_anotacao_llm,
fakenewsbr-199961992704531899,"Publicação – retuitada por Elon Musk – em que Michael Benz, ex-secretário de Donald Trump e influenciador de direita, sugere que o governo dos Estados Unidos teria interferido diretamente no resultado das eleições federais brasileiras de 2022 para favorecer o candidato eleito, Luiz Inácio Lula da Si",,enganoso,,enganoso,0,0,0,0,pre_anotacao_llm,
fakenewsbr-199486700071211288,Terras indígenas em Rondônia teriam sido vendidas para uma organização irlandesa e que a negociação teria sido anulada pela Justiça.,,fabricado,,falso,0,0,0,0,pre_anotacao_llm,
fakenewsbr-1044021780285840707,Petrobras acaba de anunciar oficialmente que só estava segurando o preço do combustível até as eleições,,enganoso,,enganoso,0,0,0,0,pre_anotacao_llm,
fakenewsbr-995768679800690659,"Você não foi vacinado não, diz mulher a Lula",,fabricado,,falso,0,0,0,0,pre_anotacao_llm,
fakenewsbr-719333777818660593,Foto mostra medalhista judoca Bia Souza e Bolsonaro,,enganoso,,enganoso,0,0,0,0,pre_anotacao_llm,
faketrue-fake-260,"nos últimos anos não houve dinheiro para salvar o museu nacional que “morreu” queimado neste dia 2 de setembro. entretanto, no mesmo período, via lei rouanet, o ministério da cultura teve: 1) r$ 1.526., reais para financiar um documentário sobre a vida do condenado por corrupção josé dirceu (214); 2",,,,falso,0,0,0,0,pre_anotacao_llm,
faketrue-fake-907,você sábia que benedita da silva já foi embaixadora em news york e nem inglês falava! está lembrado do escândalo do aluguel da limusine nos usa por benedita? percebo que a petralhada tem uma síndrome do esquecimento oportuno! mais nos estamos ajudando a lembrar!,,,,falso,0,0,0,0,pre_anotacao_llm,
faketrue-fake-453,"a caixa bloqueou cerca de 187. cpf’s que não poderão receber a segunda parcela do auxílio emergencial, por terem sido cadastrado em compras de aparelhos eletrônicos antes de 1 dias após o recebimento do auxílio, segundo o presidente da caixa, isso é visando auxiliar apenas quem realmente precisa. a ",,,,falso,0,0,0,0,pre_anotacao_llm,
faketrue-fake-345,"pra quem ficou indignado do policial empurrando o idoso que bateu a cabeça no chão e sangrou. veja até o final ! ,  e o osca vai para… martin ken ! a esquerdalha usou um ator de 75 anos que precisava de dinheiro para comer !",,,,falso,0,0,0,0,pre_anotacao_llm,
faketrue-fake-49,"olha o pedido do papa francisco hoje.. por favor, rezem! com ar de revelação, do altíssimo, o papa francisco pede aos sacerdotes que abram as portas de suas igrejas e convide as pessoas a rezarem o santo rosário e rezem intensamente diante do tabernáculo. o papa nos pede para ir às nossas paróquias ",,,,falso,0,0,0,0,pre_anotacao_llm,
faketrue-fake-582,"direto de brasília: ‘decisão que beneficiou lula pode haver reviravolta’ – diz fachin fachin diz que pode haver reviravolta em decisão que beneficiou lula “no dia 14, os onze ministros vão decidir”, declarou o ministro. o ministro edson fachin, do supremo tribunal federal (stf), disse que a decisão ",,,,falso,0,0,0,0,pre_anotacao_llm,
faketrue-fake-624,"lula bêbado confessa tudo, lula convocou 15 advogados para tirar esse vídeo das redes sociais a verdade oculta de lula. ,  lula bêbado confessa tudo, a casa caiu se: lula! atenção população!, então quando um presidente viaja, sabe, o país, viaja o brasil, às vezes mente, às vezes diz tá acontecendo ",,,,falso,0,1,0,0,pre_anotacao_llm,
faketrue-fake-1106,relatórios do governo britânico sugerem que os totalmente vacinados estão desenvolvendo a síndrome da imunodeficiência adquirida os dados disponibilizados pelo governo britânico mostram que os vacinados em dose dupla estão desenvolvendo a síndrome da imunodeficiência adquirida (aids). pessoas de 4 a,,,,falso,0,0,0,0,pre_anotacao_llm,
faketrue-fake-424,atenção para os novos valores das infrações de trânsito! novas multas valendo a partir de hoje: proibido o uso de películas escuras multa r$97.7 (mais a retirada) farol ou lanterna queimada multa r$91.15 (por lâmpada) pneus ruins multa r$96.65 (por cada pneu ruim) limpador de vidros multa r$1.22.12 ,,,,falso,1,1,0,0,pre_anotacao_llm,
faketrue-fake-603,"agora neste momento, invadiram o restaurante coco bambu da beira mar e estão depredando, chamaram a polícia. é uma vergonha , olha a gravidade da situação: coco bambu havia declarado apoio a bolsonaro. pois é…. é só o começo dos dias que virão. , agora neste momento invadiram o restaurante coco bamb",,,,falso,0,1,0,1,pre_anotacao_llm,
faketrue-fake-1029,"<i>urgente repasse – confisco de capital, governo corrupto e comunista de michel temer congelará todo dinheiro das contas bancárias. retire tudo o que puder o mais rápido possível. compartilhe ao máximo esse áudio bombástico. fonte da informação : funcionária do banco do brasil recebeu informações d",,,,falso,1,1,0,1,pre_anotacao_llm,
faketrue-fake-676,"colômbia saiu na frente, já colocou em prática o projeto do lula. será lei quem tem casa a cima de 65 metros2 terá que abrigar outra família. nem sei o que pensar e falar",,,,falso,0,0,0,0,pre_anotacao_llm,
faketrue-fake-1569,"por que pneu em supermercado e barato? voce logicamente pedira um pneu bom e dentro dos seus orcamentos. mas o que voce nao sabe, e que pneu tem data de validade. muitas vezes o vendedor nem sabe disso tambem, mas o gerente sabe e logicamente dira para o vendedor, te vender o que esta a mais tempo n",,,,falso,0,1,0,1,pre_anotacao_llm,
faketrue-true-1240,"imagens de uma internauta ensinando outras pessoas a “tirar o verme do frango” que circulam pelas redes há mais de um ano têm voltado a viralizar. durante o tutorial, são extraídas da ave duas estruturas de formato comprido, identificadas pela narradora como um parasita que deve ser retirado antes d",,,,verdadeiro,0,0,0,0,pre_anotacao_llm,
faketrue-true-479,"circula pelas redes sociais um vídeo que mostra o momento em que uma embarcação joga um líquido escuro no mar. com o vídeo circula uma legenda que diz: ""#urgente vídeo do navio venezuelano jogando petróleo bruto no mar"". um texto associado às imagens também afirma: ""e dizem que os governos do nordes",,,,verdadeiro,0,1,0,0,pre_anotacao_llm,
faketrue-true-343,"circula nas redes sociais um vídeo que mostra um homem de bigode, vestindo um pequeno short florido e regata cinza, dançando em um bar e tomando cerveja. o vídeo é compartilhado junto com uma foto do diretor-geral da organização mundial de saúde (oms), tedros adhanom, e a frase: ""até o presidente da",,,,verdadeiro,1,0,0,0,pre_anotacao_llm,
faketrue-true-1123,"circula pelas redes sociais uma lista de 17 dicas/conselhos sobre a covid-19 atribuída a robert rey redfield, diretor do cdc, o centro de controle e prevenção de doenças do governo dos estados unidos. um dos itens diz que é preciso “evitar o uso prolongado de máscaras”. é . ,  redfield jamais fez ta",,,,verdadeiro,1,0,0,0,pre_anotacao_llm,
faketrue-true-1498,"circula pelas redes sociais um vídeo que mostra manifestantes atirando pedras em policiais. a legenda ironiza (""na argentina está tudo normal"") e passa a mensagem de que o ato é uma resposta às medidas de restrição em razão da pandemia impostas pelo governo. é . ,  o vídeo foi gravado na argentina, ",,,,verdadeiro,0,0,0,0,pre_anotacao_llm,
faketrue-true-1168,"circula pelas redes sociais um vídeo que mostra cenas de vacinação para sustentar que tudo não passa de uma farsa, apontando a inexistência de agulhas ou dizendo que elas são dobráveis. é . ,  a enfermeira mayra moura, diretora da sociedade brasileira de imunizações (sbim), diz: ""realmente há imagen",,,,verdadeiro,0,1,0,0,pre_anotacao_llm,
faketrue-true-152,"circula pelas redes sociais uma mensagem que promete saque via pix de r 2.5 do auxílio brasil. é . ,  a mensagem falsa diz consulte se você tem direito ao benefício auxílio brasil no valor de r 2.5, e faça seu saque via pix imediatamente. em seguida aponta um link para consulta. ,  o ministério da c",,,,verdadeiro,0,0,0,0,pre_anotacao_llm,
faketrue-true-633,"o candidato do pt à presidência, luiz inácio lula da silva, disse neste domingo (9) durante visita a belo horizonte que o governador de minas gerais, romeu zema (novo), tem ""liberdade de apoiar quem ele quiser"", mas que ele não pode pensar que o ""povo é gado"". ,  ""a única coisa que ele tem que levar",,,,verdadeiro,0,0,0,1,pre_anotacao_llm,
faketrue-true-1209,"foi preso, na manhã desta quarta-feira (16), o suspeito de envolvimento na morte do professor de educação física gustavo roberto da silva, de 36 anos, que foi assassinado a tiros no centro de\xasão luís, no dia 23 de outubro deste ano. ,  segundo a polícia civil do maranhão, o suspeito, que não teve",,,,verdadeiro,0,0,0,0,pre_anotacao_llm,
faketrue-true-564,"a menina de três anos sequestrada em panelas, no agreste de pernambuco, foi encontrada na noite desta quarta-feira (27) em catende, na mata sul. de acordo com a polícia civil, a criança está bem e a família já foi informada. a ocorrência foi repassada para a delegacia de polícia civil da cidade de p",,,,verdadeiro,1,0,0,0,pre_anotacao_llm,
